,city,lat,lon,temp,cloud,wind speed,humidity,country
0,yenangyaung,20.4667,94.8833,24.33,100,1.19,92,MM
1,ushuaia,-54.8,-68.3,4.81,75,7.2,87,AR
2,knysna,-34.0363,23.0471,13.96,100,2.52,85,ZA
3,albany,42.6001,-73.9662,18.2,97,2.51,84,US
4,talnakh,69.4865,88.3972,-0.69,74,1.18,60,RU
5,lebu,-37.6167,-73.65,9.35,49,7.1,81,CL
6,mataura,-46.1927,168.8643,13.6,60,2.05,39,NZ
7,ponta do sol,32.6667,-17.1,20.93,25,2.0,72,PT
8,tromso,69.6496,18.957,13.09,0,0.89,71,NO
9,itoman,26.1247,127.6694,28.91,20,7.2,72,JP
10,cherskiy,68.75,161.3,-5.81,100,6.67,93,RU
11,bredasdorp,-34.5322,20.0403,7.93,4,2.89,89,ZA
12,fortuna,40.5982,-124.1573,14.82,90,0.45,75,US
13,castro,-24.7911,-50.0119,19.55,22,2.4,67,BR
14,natchitoches,31.7668,-93.1335,27.74,1,2.57,69,US
15,ust-nera,64.5667,143.2,0.05,98,2.45,73,RU
16,rikitea,-23.1203,-134.9692,23.04,27,9.69,73,PF
17,leh,34.1667,77.5833,12.39,38,1.67,38,IN
18,tavira,37.1273,-7.6486,21.93,35,5.97,69,PT
19,hofn,64.2539,-15.2082,6.34,100,8.5,69,IS
20,marquette,46.5333,-87.6335,10.2,81,2.03,84,US
21,alice springs,-23.7,133.8833,26.37,80,4.55,19,AU
22,tuktoyaktuk,69.4541,-133.0374,-1.84,41,4.84,82,CA
23,dasoguz,41.8363,59.9666,9.06,0,2.98,42,TM
24,vaini,-21.2,-175.2,26.09,20,4.12,83,TO
25,ahuimanu,21.4447,-157.8378,28.97,75,5.66,64,US
26,mahibadhoo,3.7833,72.9667,27.54,100,7.91,80,MV
27,bluff,-46.6,168.3333,13.78,76,5.24,64,NZ
28,avarua,-21.2078,-159.775,27.03,75,4.63,74,CK
29,tura,25.5198,90.2201,23.02,70,1.19,87,IN
30,lavrentiya,65.5833,-171.0,-0.25,24,0.71,78,RU
31,banyo,6.75,11.8167,17.5,77,1.59,94,CM
32,medford,42.3265,-122.8756,13.19,90,0.45,90,US
33,jamestown,42.097,-79.2353,18.93,1,0.45,75,US
34,port alfred,-33.5906,26.891,16.97,98,8.32,83,ZA
35,oro valley,32.3909,-110.9665,27.26,46,1.79,41,US
36,chapais,49.7834,-74.8492,6.88,96,3.11,92,CA
37,turayf,31.6725,38.6637,21.51,2,4.59,62,SA
38,souillac,-20.5167,57.5167,21.87,32,6.38,77,MU
39,thompson,55.7435,-97.8558,12.18,100,3.12,59,CA
40,richards bay,-28.783,32.0377,20.88,61,6.82,82,ZA
41,vardo,70.3705,31.1107,9.3,87,7.18,89,NO
42,chuguyevka,44.1653,133.8633,15.21,95,1.18,86,RU
43,yellowknife,62.456,-114.3525,7.72,18,2.24,73,CA
44,nokia,61.4667,23.5,5.57,0,2.06,93,FI
45,mazyr,52.0495,29.2456,5.87,27,2.66,93,BY
46,butaritari,3.0707,172.7902,28.8,59,8.51,74,KI
47,cape town,-33.9258,18.4232,11.95,0,2.79,69,ZA
48,upernavik,72.7868,-56.1549,-3.74,58,1.95,57,GL
49,sesheke,-17.4759,24.2968,20.35,0,2.83,26,ZM
50,bozhou,33.8772,115.7703,20.9,100,1.5,91,CN
51,teluknaga,-6.0989,106.6381,25.87,75,2.24,94,ID
52,new norfolk,-42.7826,147.0587,11.79,92,1.44,65,AU
53,goderich,43.7501,-81.7165,16.14,100,6.12,87,CA
54,san andres,12.5847,-81.7006,29.01,75,2.06,74,CO
55,airai,-8.9266,125.4092,22.93,25,1.26,40,TL
56,busselton,-33.65,115.3333,13.36,72,3.83,78,AU
57,tiksi,71.6872,128.8694,0.09,99,1.88,96,RU
58,limerick,52.6647,-8.6231,9.97,79,3.26,91,IE
59,punta arenas,-53.15,-70.9167,5.06,75,6.17,87,CL
60,beringovskiy,63.05,179.3167,3.72,79,1.84,68,RU
61,khandyga,62.6667,135.6,4.53,1,4.24,57,RU
62,usvyaty,55.7456,30.7533,7.81,100,1.86,87,RU
63,avdiyivka,48.1399,37.7426,10.53,100,2.79,75,UA
64,qaanaaq,77.484,-69.3632,-4.47,100,3.06,65,GL
65,saldanha,-33.0117,17.9442,13.5,0,5.14,78,ZA
66,svetlogorsk,52.6333,29.7333,5.96,28,2.45,94,BY
67,kalmunai,7.4167,81.8167,27.73,96,2.13,60,LK
68,katsuura,35.1333,140.3,21.28,96,6.15,73,JP
69,nikolskoye,59.7035,30.7861,6.54,0,1.37,95,RU
70,lata,40.1629,-8.3327,17.05,91,1.3,95,PT
71,pisco,-13.7,-76.2167,17.03,0,5.66,77,PE
72,saint-philippe,-21.3585,55.7679,19.41,44,5.77,72,RE
73,sarangani,5.4033,125.4636,28.96,49,4.0,72,PH
74,kruisfontein,-34.0033,24.7314,14.94,51,5.92,84,ZA
75,saskylakh,71.9167,114.0833,-3.69,15,3.84,91,RU
76,usinsk,65.9939,57.5281,2.44,100,6.9,94,RU
77,qasigiannguit,68.8193,-51.1922,-3.86,0,2.11,77,GL
78,hobart,-42.8794,147.3294,13.21,75,1.34,63,AU
79,husavik,66.0449,-17.3389,2.41,84,1.07,74,IS
80,port elizabeth,-33.918,25.5701,16.17,14,6.49,85,ZA
81,barrow,71.2906,-156.7887,-0.99,90,5.14,80,US
82,cidreira,-30.1811,-50.2056,19.24,0,6.7,91,BR
83,clyde river,70.4692,-68.5914,-2.33,62,5.34,87,CA
84,barinitas,8.7622,-70.4111,21.62,98,1.89,93,VE
85,hermanus,-34.4187,19.2345,8.22,5,2.5,79,ZA
86,bac lieu,9.285,105.7244,27.09,79,2.53,82,VN
87,halifax,44.6453,-63.5724,14.56,8,1.79,77,CA
88,villazon,-22.0866,-65.5942,14.18,0,5.61,45,BO
89,arraial do cabo,-22.9661,-42.0278,21.93,0,9.1,88,BR
90,dikson,73.5069,80.5464,1.63,48,9.21,85,RU
91,sabratah,32.7933,12.4885,26.14,36,1.65,57,LY
92,hilo,19.7297,-155.09,27.3,40,3.6,67,US
93,bourbonnais,41.1417,-87.875,24.54,1,2.57,52,US
94,bongandanga,1.5,21.05,21.1,68,0.8,96,CD
95,alta floresta,-9.8756,-56.0861,21.15,84,0.64,98,BR
96,amahai,-3.3333,128.9167,27.17,95,0.57,81,ID
97,kapaa,22.0752,-159.319,27.33,40,2.24,72,US
98,chuy,-33.6971,-53.4616,14.08,75,3.51,94,UY
99,raudeberg,61.9875,5.1352,11.1,100,5.81,90,NO
100,pitimbu,-7.4706,-34.8086,25.33,27,7.53,84,BR
101,pineville,31.3224,-92.4343,26.72,1,3.09,73,US
102,cabo san lucas,22.8909,-109.9124,30.19,20,2.06,70,MX
103,rokytne,51.2796,27.214,5.83,0,1.85,88,UA
104,east london,-33.0153,27.9116,18.15,100,8.49,78,ZA
105,kurmanayevka,52.5093,52.0675,3.51,98,5.82,76,RU
106,puerto ayora,-0.7393,-90.3518,20.69,94,4.38,90,EC
107,nova vodolaha,49.7185,35.8708,6.9,71,3.02,86,UA
108,pangnirtung,66.1451,-65.7125,0.35,67,1.33,70,CA
109,kununurra,-15.7667,128.7333,27.99,92,2.06,65,AU
110,udachnyy,66.4167,112.4,0.22,100,7.14,82,RU
111,kodiak,57.79,-152.4072,7.49,100,1.62,54,US
112,ca mau,9.1769,105.15,25.89,74,1.59,88,VN
113,alofi,-19.0595,-169.9187,24.89,62,6.67,77,NU
114,huilong,31.8111,121.655,27.12,24,1.63,84,CN
115,tasiilaq,65.6145,-37.6368,3.09,1,2.92,59,GL
116,tommot,58.9564,126.2925,5.44,100,0.81,97,RU
117,bethel,41.3712,-73.414,20.48,1,3.6,65,US
118,yulara,-25.2406,130.9889,23.1,1,2.78,21,AU
119,beloha,-25.1667,45.05,21.86,35,4.76,54,MG
120,ola,59.5833,151.2833,6.82,43,0.44,70,RU
121,heze,35.2431,115.4411,19.06,100,4.53,96,CN
122,yumen,40.2833,97.2,15.46,0,2.53,22,CN
123,los llanos de aridane,28.6585,-17.9182,21.86,90,6.69,83,ES
124,osakarovka,50.565,72.5692,2.11,56,4.83,89,KZ
125,grand falls,47.0461,-67.7418,13.28,78,2.36,95,CA
126,pangkalanbuun,-2.6833,111.6167,25.81,83,1.26,89,ID
127,mayumba,-3.432,10.6554,24.36,100,2.64,89,GA
128,berlevag,70.8578,29.0864,10.65,90,5.67,81,NO
129,beinamar,8.6698,15.3813,21.71,100,0.87,87,TD
130,javanrud,34.7961,46.5172,14.92,0,1.05,25,IR
131,erenhot,43.6475,111.9767,17.51,3,9.3,45,CN
132,victoria,22.2855,114.1577,29.18,0,0.89,77,HK
133,amstetten,48.1229,14.8721,13.85,54,1.29,96,AT
134,kahului,20.8947,-156.47,28.54,40,10.29,71,US
135,taoudenni,22.6783,-3.9836,34.57,29,4.17,8,ML
136,sisimiut,66.9395,-53.6735,-1.45,0,5.27,46,GL
137,leningradskiy,69.3833,178.4167,-3.07,100,3.62,94,RU
138,bathsheba,13.2167,-59.5167,27.34,20,2.57,83,BB
139,homestead,25.4687,-80.4776,27.33,0,1.34,78,US
140,mizan teferi,6.9833,35.5833,15.32,91,1.38,94,ET
141,hithadhoo,-0.6,73.0833,27.86,99,6.02,77,MV
142,chokurdakh,70.6333,147.9167,-4.62,36,7.16,82,RU
143,banda aceh,5.5577,95.3222,25.83,99,3.82,86,ID
144,sarahan,31.5167,77.8,15.04,8,1.32,83,IN
145,salekhard,66.53,66.6019,-0.53,100,3.73,85,RU
146,ishigaki,24.3448,124.1572,28.54,40,7.93,75,JP
147,mahebourg,-20.4081,57.7,21.81,70,6.18,73,MU
148,guiglo,6.5456,-7.4966,20.28,100,1.18,99,CI
149,bambous virieux,-20.3428,57.7575,21.79,65,6.54,74,MU
150,wagar,16.1525,36.2032,31.92,66,1.68,26,SD
151,sapa,5.1544,120.3241,28.69,78,2.42,75,PH
152,caxito,-8.5785,13.6643,22.63,57,0.67,87,AO
153,narsaq,60.9167,-46.05,-0.61,0,1.48,44,GL
154,longyearbyen,78.2186,15.6401,0.91,75,4.12,93,SJ
155,adre,13.4667,22.2,23.87,75,1.78,70,TD
156,korla,41.7597,86.1469,17.91,0,1.71,27,CN
157,isangel,-19.55,169.2667,25.43,8,4.3,59,VU
158,nanortalik,60.1432,-45.2371,1.46,1,1.72,71,GL
159,balykshi,47.0667,51.8667,12.0,75,7.0,82,KZ
160,durango,24.8333,-104.8333,17.91,60,1.42,78,MX
161,faya,18.3851,42.4509,16.29,71,2.17,24,SA
162,norman wells,65.282,-126.8329,1.71,100,1.25,95,CA
163,codrington,-38.2667,141.9667,16.18,98,1.98,65,AU
164,saint anthony,45.0205,-93.218,20.32,1,0.45,51,US
165,bonavista,48.6499,-53.1147,16.73,92,7.15,90,CA
166,bilibino,68.0546,166.4372,-7.01,100,3.42,90,RU
167,slagelse,55.4028,11.3546,15.99,100,4.96,93,DK
168,portland,45.5234,-122.6762,14.13,75,1.34,93,US
169,dingle,10.9995,122.6711,26.94,100,1.15,83,PH
170,brigantine,39.4101,-74.3646,21.18,1,4.12,73,US
171,monrovia,6.3005,-10.7969,23.87,100,6.49,86,LR
172,san marcos,33.1434,-117.1661,18.14,90,0.89,80,US
173,virginia beach,36.8529,-75.978,21.09,20,2.57,68,US
174,georgetown,5.4112,100.3354,26.54,20,1.03,88,MY
175,mumford,5.2618,-0.759,24.74,99,3.84,87,GH
176,farim,12.4839,-15.2217,23.97,76,1.41,97,GW
177,sao francisco de paula,-29.4481,-50.5836,17.08,0,1.63,89,BR
178,san pedro,14.35,121.0167,28.95,75,1.29,79,PH
179,llangefni,53.2556,-4.3106,11.81,20,9.26,62,GB
180,kassala,15.451,36.4,29.4,76,3.38,47,SD
181,strabychovo,48.3925,22.5431,13.12,9,2.05,83,UA
182,puro,12.4841,123.3827,28.63,96,2.27,75,PH
183,boca do acre,-8.7522,-67.3978,25.27,44,1.27,72,BR
184,boyolangu,-8.1181,111.8935,24.45,100,4.13,77,ID
185,urucara,-2.5364,-57.76,23.64,36,1.34,88,BR
186,turbat,26.0023,63.044,29.02,38,1.36,56,PK
187,tuatapere,-46.1333,167.6833,13.79,70,2.65,60,NZ
188,valparaiso,-33.0393,-71.6273,14.8,0,2.57,67,CL
189,ambilobe,-13.2,49.05,23.27,49,2.3,64,MG
190,henties bay,-22.116,14.2845,14.36,92,2.95,90,NA
191,kavaratti,10.5669,72.642,27.45,100,9.08,78,IN
192,ribeira grande,38.5167,-28.7,21.26,82,5.66,80,PT
193,pemangkat,1.1667,108.9667,25.33,99,2.14,86,ID
194,general roca,-39.0333,-67.5833,14.76,57,2.76,16,AR
195,axim,4.8699,-2.2405,24.75,100,2.34,90,GH
196,salalah,17.0151,54.0924,27.05,20,1.03,83,OM
197,new castle,41.0037,-80.347,21.91,1,2.06,69,US
198,atuona,-9.8,-139.0333,25.59,11,8.64,72,PF
199,burnie,-41.0667,145.9167,12.5,89,0.85,61,AU
200,yablonovo,50.8523,37.3574,7.92,69,3.8,87,RU
201,taitung,22.7583,121.1444,29.15,75,1.54,65,TW
202,khatanga,71.9667,102.5,-3.04,74,3.54,77,RU
203,the valley,18.217,-63.0578,27.92,0,5.62,68,AI
204,san cristobal,7.7669,-72.225,19.32,71,1.54,95,VE
205,bardiyah,31.7561,25.0865,23.32,0,5.85,72,LY
206,grand gaube,-20.0064,57.6608,21.88,60,3.13,71,MU
207,lujan,-34.5703,-59.105,11.25,100,2.68,94,AR
208,dhidhdhoo,6.8833,73.1,27.85,100,7.48,72,MV
209,jamame,0.0722,42.7506,25.7,73,5.42,68,SO
210,cianorte,-23.6633,-52.605,26.0,27,1.37,40,BR
211,albacete,38.8333,-2.0,14.45,0,0.51,72,ES
212,ouadda,8.0777,22.4007,20.62,100,0.91,93,CF
213,soller,39.7662,2.7152,20.75,39,1.85,77,ES
214,ayan,56.45,138.1667,9.08,57,1.53,66,RU
215,half moon bay,37.4636,-122.4286,20.15,90,1.54,77,US
216,port lincoln,-34.7333,135.8667,18.89,53,1.31,51,AU
217,pierre,44.3683,-100.351,29.53,1,0.45,38,US
218,kant,27.8,79.8,25.97,5,2.83,86,IN
219,gladstone,-23.85,151.25,21.96,90,6.17,64,AU
220,iralaya,15.0,-83.2333,27.28,7,2.83,78,HN
221,pevek,69.7008,170.3133,-4.45,100,2.28,71,RU
222,sao filipe,14.8961,-24.4956,26.45,8,3.14,79,CV
223,san joaquin,37.9333,-121.3011,24.44,1,8.23,49,US
224,itupiranga,-5.1347,-49.3267,25.55,43,1.75,74,BR
225,mankono,8.0586,-6.1897,21.77,99,0.92,94,CI
226,cap malheureux,-19.9842,57.6142,21.93,55,3.13,71,MU
227,fort nelson,58.8053,-122.7002,4.77,90,2.57,100,CA
228,kanigoro,-8.13,112.219,24.56,96,4.17,73,ID
229,ilulissat,69.2167,-51.1,-3.99,0,7.72,36,GL
230,beira,-19.8436,34.8389,21.73,77,2.53,87,MZ
231,nouadhibou,20.931,-17.0347,23.89,0,4.94,75,MR
232,asau,46.4333,26.4,13.13,89,0.98,77,RO
233,olafsvik,64.8945,-23.7142,3.32,93,13.75,92,IS
234,gamba,-2.65,10.0,24.75,100,1.11,84,GA
235,ous,60.9058,61.5186,-0.9,47,1.61,94,RU
236,saint-pierre,-21.3393,55.4781,19.46,0,2.06,76,RE
237,marawi,7.9986,124.2928,22.03,64,0.97,69,PH
238,vuktyl,63.8567,57.3094,2.36,93,1.56,73,RU
239,waitati,-45.75,170.5667,13.38,20,1.32,44,NZ
240,brazzaville,-4.2658,15.2832,25.27,44,1.19,72,CG
241,naron,43.5167,-8.1528,14.68,100,1.29,75,ES
242,kabanjahe,3.1001,98.4908,17.42,96,1.18,95,ID
243,klaksvik,62.2266,-6.589,7.51,100,5.67,86,FO
244,sept-iles,50.2001,-66.3821,12.81,94,0.89,86,CA
245,aswan,24.0934,32.907,26.15,0,5.44,31,EG
246,deputatskiy,69.3,139.9,-4.6,53,2.15,72,RU
247,colares,38.7992,-9.4469,18.97,95,1.79,72,PT
248,oksovskiy,62.6062,39.8984,7.33,94,0.96,89,RU
249,puerto concordia,2.6221,-72.7572,24.56,62,0.04,85,CO
250,carnarvon,-24.8667,113.6333,17.29,28,4.81,65,AU
251,harper,4.375,-7.7169,24.65,100,2.92,89,LR
252,yabelo,4.8833,38.0833,17.95,94,2.83,55,ET
253,ulcinj,41.9294,19.2244,17.12,33,1.94,58,ME
254,te anau,-45.4167,167.7167,11.34,28,2.03,59,NZ
255,khash,28.2211,61.2158,20.41,5,1.56,24,IR
256,vestmannaeyjar,63.4427,-20.2734,3.44,75,11.05,73,IS
257,parainen,60.3067,22.301,7.12,13,4.5,91,FI
258,porto walter,-8.2686,-72.7439,27.31,46,1.35,56,BR
259,port-cartier,50.0334,-66.8654,12.64,96,1.48,90,CA
260,grindavik,63.8424,-22.4338,3.26,40,10.8,70,IS
261,owando,-0.4819,15.8999,19.95,100,1.08,96,CG
262,atikokan,48.7555,-91.6216,12.53,18,1.34,51,CA
263,middelburg,-25.7751,29.4648,17.28,36,1.89,30,ZA
264,roma,43.2128,-75.4557,18.7,90,0.0,86,US
265,imbituba,-28.24,-48.6703,21.57,0,5.34,93,BR
266,santa cruz,-17.8,-63.1667,28.7,9,3.09,61,BO
267,verkhnyaya inta,65.9811,60.3094,2.88,100,5.34,74,RU
268,assiniboia,49.6334,-105.9845,26.71,82,4.17,18,CA
269,dunedin,-45.8742,170.5036,12.21,18,1.86,47,NZ
270,yellandu,17.6,80.3333,22.95,100,3.39,96,IN
271,adrar,20.5022,-10.0711,32.1,0,0.74,11,MR
272,port hardy,50.6996,-127.4199,10.43,100,6.86,92,CA
273,mayo,38.8876,-76.5119,21.28,1,0.45,67,US
274,damietta,31.4165,31.8133,23.42,0,4.69,73,EG
275,provideniya,64.3833,-173.3,1.06,75,5.0,69,RU
276,floyita,40.2667,23.2167,21.33,46,2.22,73,GR
277,kolyshley,52.7005,44.5367,7.84,100,5.0,91,RU
278,cirebon,-6.7063,108.557,27.04,99,4.23,67,ID
279,shangrao,28.4532,117.9686,25.93,69,2.04,64,CN
280,windhoek,-22.5594,17.0832,18.01,34,2.21,26,NA
281,gravdal,68.1214,13.5031,10.92,84,5.26,83,NO
282,lowestoft,52.4752,1.7516,10.33,2,4.12,84,GB
283,boende,-0.2167,20.8667,21.32,60,0.95,93,CD
284,port hedland,-20.3167,118.5667,25.03,72,6.17,20,AU
285,nome,64.5011,-165.4064,3.04,1,2.06,60,US
286,karoi,-16.8099,29.6925,18.86,73,1.95,49,ZW
287,maltahohe,-24.8333,16.9833,17.28,5,3.31,32,NA
288,inhambane,-23.865,35.3833,21.67,89,3.97,86,MZ
289,blagoyevo,63.3667,47.9167,2.11,58,0.43,94,RU
290,tazmalt,36.3868,4.3989,21.24,83,0.83,89,DZ
291,kibala,9.1104,18.3463,23.26,60,0.62,86,TD
292,taunggyi,20.7833,97.0333,16.3,98,0.68,96,MM
293,faanui,-16.4833,-151.75,26.48,9,7.39,72,PF
294,kota bahru,6.1333,102.2386,24.92,81,1.59,90,MY
295,kailua,21.4022,-157.7394,28.67,75,5.66,70,US
296,lorengau,-2.0226,147.2712,29.56,92,3.81,66,PG
297,maldonado,-34.6667,-54.9167,14.66,100,4.55,94,UY
298,lomovka,53.9194,58.3672,-0.49,100,7.25,95,RU
299,jalu,29.0331,21.5482,21.77,0,4.11,58,LY
300,ust-tsilma,65.441,52.1498,5.33,100,2.1,91,RU
301,ponta delgada,37.7333,-25.6667,20.4,20,2.57,94,PT
302,sobolevo,54.4299,31.8996,7.6,74,2.66,91,RU
303,rongcheng,30.634,117.8517,25.99,50,1.49,86,CN
304,shelburne,44.0787,-80.2041,14.23,99,3.19,91,CA
305,eldorado,-23.7869,-54.2836,25.05,1,2.46,31,BR
306,porto torres,40.835,8.3972,17.1,65,2.02,74,IT
307,wanning,18.8003,110.3967,26.23,13,2.07,89,CN
308,nabire,-3.3667,135.4833,29.12,66,0.15,65,ID
309,iqaluit,63.7506,-68.5145,0.39,100,2.68,86,CA
310,waingapu,-9.6567,120.2641,28.06,72,3.26,65,ID
311,mar del plata,-38.0023,-57.5575,9.27,70,1.34,69,AR
312,pyapon,16.2833,95.6833,24.69,100,2.17,92,MM
313,syamzha,60.0158,41.0614,2.84,54,1.77,97,RU
314,manaure,11.7751,-72.4445,30.09,11,4.93,67,CO
315,kavieng,-2.5744,150.7967,29.38,95,4.05,68,PG
316,ryotsu,38.0833,138.4333,20.83,100,2.31,66,JP
317,ugoofaaru,5.6667,73.0,26.35,100,8.94,81,MV
318,ganzhou,28.8184,115.4327,26.86,15,1.55,79,CN
319,houma,29.5958,-90.7195,26.66,75,5.14,87,US
320,eskil,38.4017,33.4131,15.95,1,0.96,42,TR
321,tucuman,-26.8241,-65.2226,24.0,20,2.06,50,AR
322,aklavik,68.2191,-135.0107,-0.44,7,3.05,81,CA
323,flinders,-34.5833,150.8552,20.23,59,1.34,61,AU
324,dwarka,22.2394,68.9678,27.78,87,2.72,81,IN
325,mnogovershinnyy,53.9353,139.9242,11.67,88,2.51,85,RU
326,san jose,37.3394,-121.895,22.46,40,0.89,63,US
327,koslan,63.4564,48.8989,1.73,61,1.04,94,RU
328,aykhal,66.0,111.5,-0.2,100,6.05,97,RU
329,merauke,-8.4667,140.3333,27.86,100,4.61,72,ID
330,rantepao,-2.9701,119.8978,22.97,94,0.43,84,ID
331,russell,32.3502,-85.1999,20.56,1,0.0,87,US
332,bela vista de goias,-16.9728,-48.9533,25.39,73,2.54,37,BR
333,chumikan,54.7183,135.315,9.33,92,4.06,84,RU
334,swellendam,-34.0226,20.4417,11.87,95,1.37,84,ZA
335,severo-kurilsk,50.6789,156.125,10.33,50,4.27,82,RU
336,morant bay,17.8815,-76.4093,25.9,35,3.42,80,JM
337,bengkulu,-3.8004,102.2655,24.77,83,1.1,89,ID
338,valle del guamuez,0.4525,-76.9192,24.02,46,0.98,72,CO
339,mao,39.8885,4.2658,20.31,0,2.06,88,ES
340,turinsk,58.0458,63.696,-0.94,24,3.21,94,RU
341,bereda,43.2686,-7.5406,10.83,100,0.93,100,ES
342,petropavlovsk-kamchatskiy,53.0452,158.6483,11.33,20,3.0,62,RU
343,bonthe,7.5264,-12.505,24.65,98,4.25,85,SL
344,luderitz,-26.6481,15.1594,13.28,1,8.4,78,NA
345,balkhash,46.844,74.9804,12.03,17,3.91,65,KZ
346,vaitape,-16.5167,-151.75,26.48,9,7.38,72,PF
347,sterling,39.0062,-77.4286,20.76,20,3.13,67,US
348,phalaborwa,-23.943,31.1411,22.65,8,1.24,36,ZA
349,bumba,2.1833,22.4667,21.18,70,0.76,97,CD
350,callaguip,18.0714,120.4867,27.85,43,1.2,70,PH
351,elbrus,43.2577,42.6443,2.01,93,2.51,97,RU
352,lingao,19.9103,109.6859,26.35,2,1.37,84,CN
353,tadine,-21.55,167.8833,23.45,11,3.98,57,NC
354,saint george,37.1041,-113.5841,30.58,1,0.89,29,US
355,kaitangata,-46.2817,169.8464,14.96,74,1.48,40,NZ
356,carman,49.4992,-98.0016,22.48,42,4.79,37,CA
357,esperance,-33.8667,121.9,12.91,92,7.31,82,AU
358,waipawa,-41.4122,175.5153,9.41,100,5.2,64,NZ
359,arona,28.0996,-16.681,20.76,20,7.72,55,ES
360,nanakuli,21.3906,-158.1547,31.22,1,4.12,50,US
361,hervey bay,-25.2986,152.8535,21.68,99,5.79,59,AU
362,ancud,-41.8697,-73.8203,9.74,77,1.57,86,CL
363,namibe,-15.1961,12.1522,17.16,61,0.76,88,AO
364,temir,49.1414,57.13,10.19,94,3.83,72,KZ
365,cabra,37.4725,-4.4421,18.49,67,1.06,52,ES
366,kamenka,51.3223,42.7678,8.16,100,3.97,88,RU
367,klyuchi,52.2667,79.1667,2.56,100,3.67,71,RU
368,poltavka,54.3663,71.7632,4.12,100,6.89,67,RU
369,san patricio,28.017,-97.5169,28.09,77,5.31,66,US
370,coronado,32.6859,-117.1831,18.83,90,4.12,83,US
371,chaozhou,23.6651,116.6379,26.65,0,0.52,73,CN
372,college,64.8569,-147.8028,2.56,75,0.0,67,US
373,hovd,48.0056,91.6419,-1.54,85,0.82,42,MN
374,mpanda,-6.3655,31.0409,24.26,88,2.0,42,TZ
375,oxapampa,-10.5775,-75.4017,16.71,61,1.28,84,PE
376,daru,-9.0763,143.2092,27.09,81,6.47,77,PG
377,santa ines,-3.6667,-45.38,25.71,34,2.35,70,BR
378,tual,-5.6667,132.75,27.27,33,6.45,82,ID
379,roebourne,-20.7833,117.1333,23.95,97,4.84,25,AU
380,haysville,37.5645,-97.3523,30.75,1,1.34,34,US
381,yuksekova,37.5736,44.2872,8.73,0,1.36,42,TR
382,leo,11.1,-2.1,24.23,79,2.99,73,BF
383,nador,35.174,-2.9287,18.14,0,1.54,94,MA
384,vila praia de ancora,41.811,-8.8526,16.1,98,4.28,80,PT
385,surt,31.2089,16.5887,23.0,49,2.68,68,LY
386,izhma,65.0083,53.9113,3.97,100,1.94,73,RU
387,sombrio,-29.1139,-49.6167,22.19,0,1.58,93,BR
388,greytown,-29.0642,30.5928,15.08,43,1.45,61,ZA
389,havre-saint-pierre,50.2334,-63.5986,9.34,3,3.56,90,CA
390,pogar,52.554,33.2591,5.07,26,2.96,95,RU
391,ulladulla,-35.35,150.4667,19.49,45,3.83,53,AU
392,sitka,57.0531,-135.33,9.94,90,5.66,87,US
393,bokhan,53.153,103.7714,0.32,79,3.8,89,RU
394,andros town,24.7,-77.7667,27.98,0,5.82,63,BS
395,port shepstone,-30.7414,30.455,20.6,76,9.78,74,ZA
396,birao,10.2849,22.7882,22.28,96,1.85,87,CF
397,vao,-22.6667,167.4833,20.1,21,3.99,71,NC
398,la union,-5.4,-80.75,21.34,21,7.43,64,PE
399,vanimo,-2.6741,141.3028,29.49,89,3.25,66,PG
400,igarka,67.4667,86.5833,-0.83,85,1.21,68,RU
401,mehamn,71.0357,27.8492,11.47,93,4.03,77,NO
402,avanca,40.8077,-8.5722,16.6,87,2.87,86,PT
403,touros,-5.1989,-35.4608,25.16,32,7.59,84,BR
404,belyy yar,53.6039,91.3903,-4.06,0,1.0,93,RU
405,shizunai,42.3339,142.3669,17.25,99,5.09,73,JP
406,bethanien,-26.502,17.1583,13.02,0,1.76,75,NA
407,constitucion,-35.3333,-72.4167,11.37,0,4.38,67,CL
408,caravelas,-17.7125,-39.2481,22.66,69,2.98,83,BR
409,namatanai,-3.6667,152.4333,29.43,68,1.96,67,PG
410,lasa,46.6166,10.7002,12.06,45,2.36,78,IT
411,bukama,-9.2,25.85,21.97,100,2.06,85,CD
412,bradford,53.7939,-1.7521,9.96,0,2.06,77,GB
413,zhezkazgan,47.8043,67.7144,12.28,81,5.43,80,KZ
414,margate,51.3813,1.3862,11.65,3,0.45,80,GB
415,chunskiy,56.0815,99.6342,0.86,100,2.93,97,RU
416,samarai,-10.6167,150.6667,26.56,89,5.74,83,PG
417,novobelokatay,55.7062,58.9549,2.01,84,7.51,72,RU
418,okhotsk,59.3833,143.3,8.24,100,3.44,84,RU
419,nuuk,64.1835,-51.7216,0.34,0,5.14,51,GL
420,guerrero negro,27.9769,-114.0611,21.71,8,7.29,65,MX
421,dudinka,69.4058,86.1778,-0.72,77,1.83,71,RU
422,northam,51.0333,-4.2167,11.16,48,4.96,89,GB
423,coihaique,-45.5752,-72.0662,5.97,75,1.54,70,CL
424,zarinsk,53.7074,84.9493,-1.22,25,2.78,93,RU
425,mongoumba,3.6415,18.5936,21.29,98,1.24,96,CF
426,wuwei,37.9281,102.6414,16.22,5,1.28,39,CN
427,kugulta,45.3636,42.3889,10.24,25,0.8,64,RU
428,nueva guinea,11.6876,-84.4562,22.6,100,2.17,95,NI
429,taltal,-25.4,-70.4833,16.21,23,2.5,75,CL
430,shibetsu,43.659,145.132,15.39,75,4.12,88,JP
431,kapoeta,4.7717,33.5903,23.64,98,2.2,71,SS
432,magistralnyy,56.1725,107.4458,1.23,100,2.05,84,RU
433,skibbereen,51.55,-9.2667,9.89,90,8.29,77,IE
434,kirakira,-10.4544,161.9205,27.72,100,3.16,78,SB
435,nishihara,26.1842,127.7558,28.29,40,5.66,74,JP
436,cockburn town,21.4612,-71.1419,28.46,3,3.37,71,TC
437,kenai,60.5544,-151.2583,8.8,1,2.06,36,US
438,port moresby,-9.4431,147.1797,28.64,98,4.16,70,PG
439,prince rupert,54.3161,-130.3201,10.55,100,3.55,88,CA
440,luga,58.7372,29.8453,5.48,2,1.72,97,RU
441,vila,42.0304,-8.1588,12.0,100,0.09,93,PT
442,salym,60.0625,71.4789,2.05,80,2.3,85,RU
443,neiafu,-18.65,-173.9833,25.38,40,3.6,83,TO
444,laguna,38.421,-121.4238,25.5,1,3.58,56,US
445,shamary,57.3434,58.2199,2.85,41,4.84,67,RU
446,akyab,20.15,92.9,25.41,100,5.14,92,MM
447,yagodnoye,62.55,149.6667,-1.55,100,2.19,90,RU
448,sao joao da barra,-21.6403,-41.0511,22.6,71,6.92,87,BR
449,atar,20.5169,-13.0499,34.24,0,2.13,12,MR
450,malinovskiy,61.1953,62.8397,-0.75,40,1.8,90,RU
451,mayskiy,47.6931,40.1025,9.67,96,2.82,77,RU
452,avera,33.194,-82.5271,21.39,0,2.23,58,US
453,makakilo city,21.3469,-158.0858,30.68,1,4.12,52,US
454,paamiut,61.994,-49.6678,1.12,0,0.36,60,GL
455,buraydah,26.326,43.975,23.4,68,2.16,12,SA
456,malanje,-9.5402,16.341,19.59,66,2.05,69,AO
457,tongliao,43.6125,122.2653,17.33,85,6.0,75,CN
458,olinda,-8.0089,-34.8553,24.74,25,7.49,83,BR
459,tyrma,50.0833,132.1667,12.15,9,0.79,81,RU
460,labuhan,-6.8844,112.2051,26.29,92,4.47,71,ID
461,ust-karsk,52.7011,118.8077,5.58,97,0.76,65,RU
462,kabare,-2.4683,28.8242,16.28,75,0.99,89,CD
463,bridlington,54.0831,-0.1919,10.16,1,6.66,80,GB
464,sylvan lake,52.3168,-114.0853,21.31,3,2.16,36,CA
465,fairbanks,64.8378,-147.7164,2.6,75,2.06,67,US
466,camalu,30.85,-116.0667,21.35,48,6.98,74,MX
467,altamirano,16.8833,-92.15,14.88,90,1.02,99,MX
468,sompeta,18.9333,84.6,26.11,100,0.23,87,IN
469,tarakan,3.3,117.6333,24.72,75,2.57,94,ID
470,assomada,15.1,-23.6833,23.56,8,4.41,82,CV
471,shawnee,39.05,-95.7669,28.8,1,0.45,45,US
472,george,-33.963,22.4617,13.51,100,2.55,77,ZA
473,oyama,36.3,139.8,21.97,87,2.09,58,JP
474,vila velha,-20.3297,-40.2925,23.97,75,5.14,83,BR
475,santa isabel do rio negro,-0.4139,-65.0192,25.43,60,0.31,79,BR
476,arkhipo-osipovka,44.37,38.52,11.68,27,3.58,75,RU
477,kosh-agach,50.0,88.6667,-2.58,100,0.47,52,RU
478,kupang,-10.1667,123.5833,27.82,90,1.67,63,ID
479,high level,58.5169,-117.136,8.06,90,2.06,100,CA
480,landerneau,48.4525,-4.2525,12.33,20,3.6,90,FR
481,san quintin,30.4833,-115.95,21.05,79,7.3,74,MX
482,tahoua,14.8888,5.2692,31.37,2,2.23,27,NE
483,chelmza,53.1846,18.6047,13.0,99,4.42,73,PL
484,karatau,43.1667,70.4667,11.36,2,1.83,61,KZ
485,muisne,0.6,-80.0333,23.83,89,4.05,85,EC
486,irkutsk,52.2978,104.2964,1.43,40,2.0,93,RU
487,clarence town,-32.5833,151.7833,20.65,31,1.4,47,AU
488,tamiahua,21.2667,-97.45,26.49,58,3.38,78,MX
489,mitzic,0.7821,11.549,19.67,100,0.89,99,GA
490,bonito,-21.1211,-56.4819,28.56,48,1.34,34,BR
491,iskateley,67.6803,53.1512,7.24,100,4.47,94,RU
492,gudari,19.35,83.7833,23.84,100,0.54,97,IN
493,kilindoni,-7.9139,39.6668,24.77,8,5.24,79,TZ
494,klooga,59.3197,24.2114,6.13,6,3.04,98,EE
495,antalaha,-14.9003,50.2788,20.61,27,2.76,88,MG
496,biak,-0.9131,122.8766,26.73,95,2.07,72,ID
497,necochea,-38.5473,-58.7368,6.13,1,3.24,84,AR
498,dong hoi,17.4833,106.6,25.89,36,1.77,87,VN
499,aldan,58.6031,125.3894,1.82,100,2.52,99,RU
500,pennagaram,12.1333,77.9,21.44,100,1.37,87,IN
501,san rafael,-34.6177,-68.3301,14.63,9,3.9,30,AR
502,torbay,47.6666,-52.7314,15.38,75,6.69,92,CA
503,otane,-39.8833,176.6333,9.1,100,4.77,98,NZ
504,ilo,-17.6394,-71.3375,15.49,16,1.04,79,PE
505,paidha,2.4167,30.9855,15.62,47,2.17,90,UG
506,mogadishu,2.0371,45.3438,25.04,83,8.69,83,SO
507,destin,30.3935,-86.4958,25.99,1,1.54,80,US
508,turukhansk,65.8167,87.9833,0.0,63,3.41,75,RU
509,monchique,37.3177,-8.5553,19.2,34,2.92,93,PT
510,kahta,37.7855,38.6237,21.65,0,1.91,26,TR
511,dawlatabad,36.4141,64.9053,15.81,0,1.86,49,AF
512,teluk nibung,3.001,99.8164,24.62,100,2.41,94,ID
513,severomuysk,56.1481,113.4267,-6.03,100,1.86,89,RU
514,grand forks,47.9417,-97.4337,23.02,40,3.6,38,US
515,buchanan,5.8808,-10.0467,23.98,100,2.79,86,LR
516,nemuro,43.3236,145.575,15.24,71,5.37,77,JP
517,krasnoselkup,65.7,82.4667,-0.74,38,3.49,83,RU
518,malgrat de mar,41.6466,2.7414,19.62,34,1.79,92,ES
519,astorga,-23.2325,-51.6656,24.31,37,2.77,45,BR
520,santa rosa,14.3122,121.1114,29.22,75,1.17,78,PH
521,dores do indaia,-19.4633,-45.6017,24.38,40,1.24,45,BR
522,sola,-13.8833,167.55,26.2,46,8.7,80,VU
523,sorland,67.667,12.6934,11.57,72,8.15,83,NO
524,dongsheng,39.8161,109.9776,14.16,56,6.43,59,CN
525,ornes,66.8689,13.7078,15.06,65,6.35,73,NO
526,teeli,51.0333,90.2333,-1.7,100,0.4,44,RU
527,kjollefjord,70.9457,27.3465,11.76,98,5.09,74,NO
528,semey,50.4111,80.2275,4.12,0,1.0,81,KZ
529,black river,18.0264,-77.8487,28.32,39,0.24,74,JM
530,palora,-1.7,-77.9333,19.04,80,1.59,96,EC
531,shimanovsk,52.0,127.7,10.73,31,3.29,64,RU
532,havoysund,70.9963,24.6622,15.49,98,6.08,72,NO
533,hasaki,35.7333,140.8333,21.22,81,6.49,61,JP
534,mongo,12.1844,18.693,24.64,58,2.1,73,TD
535,el alto,-4.2714,-81.2147,17.82,54,5.99,82,PE
536,lethem,3.3803,-59.7968,27.32,76,1.44,67,GY
537,hambantota,6.1241,81.1185,27.01,83,9.31,76,LK
538,marsh harbour,26.5412,-77.0636,26.91,23,7.04,69,BS
539,mbaiki,3.8678,17.9892,20.9,75,1.1,96,CF
540,nara,34.6851,135.8049,24.2,75,1.55,58,JP
541,synya,65.3718,58.0387,2.44,100,2.78,78,RU
542,lompoc,34.6391,-120.4579,17.56,90,5.14,82,US
543,naze,28.3667,129.4833,26.06,4,5.86,79,JP
544,santa fe,-31.6333,-60.7,23.85,0,1.79,56,AR
545,dauphin,51.1494,-100.0502,23.01,47,3.72,38,CA
546,jiaohe,43.7286,127.3447,16.44,62,1.18,88,CN
547,aksha,50.2814,113.2867,3.0,100,3.66,61,RU
548,amapa,1.0,-52.0,25.18,46,2.18,65,BR
549,tautira,-17.7333,-149.15,27.01,54,7.27,75,PF
550,itarema,-2.9248,-39.9167,26.65,50,7.37,81,BR
551,kingston,17.997,-76.7936,25.64,78,0.45,95,JM
552,kovdor,67.5662,30.4758,5.71,68,2.26,92,RU
553,seminole,28.7086,-81.2081,24.93,1,2.57,78,US
554,pachino,36.7186,15.0907,24.22,99,7.17,84,IT
555,jasper,37.2001,-94.3502,25.8,20,0.45,50,US
556,sambava,-14.2667,50.1667,21.06,45,4.65,84,MG
557,dubbo,-32.25,148.6167,19.07,99,5.66,55,AU
558,catalina,32.5056,-110.9211,26.05,53,0.45,41,US
559,bandar,2.05,99.75,23.69,94,0.58,91,ID
560,nueva loja,0.0847,-76.8828,24.88,35,0.8,68,EC
